,chart_width,labeler,runtime,placed,diff_runtime,diff_placed,center_runtime,pixel_runtime,center_placed,pixel_placed
0,1000,improvedParticle,360.8860484994948,189,-23.21565002271348,-3.1746031746031744,318.9950274992734,277.10400649905205,186.0,183
1,1000,pixel,277.10400649905205,183,-23.21565002271348,-3.1746031746031744,0.0,0.0,0.0,0.0
2,2000,improvedParticle,429.49866500124335,223,-23.65372206674443,-2.242152466367713,378.70245475135744,327.9062445014715,220.5,218
3,2000,pixel,327.9062445014715,218,-23.65372206674443,-2.242152466367713,0.0,0.0,0.0,0.0
4,4000,improvedParticle,608.3519484996796,231,-30.85086518790388,-1.2987012987012987,514.5110287498683,420.670109000057,229.5,228
5,4000,pixel,420.670109000057,228,-30.85086518790388,-1.2987012987012987,0.0,0.0,0.0,0.0
6,8000,improvedParticle,1256.9957805015147,238,-35.417670680072554,-0.8403361344537815,1034.3964675012976,811.7971545010805,237.0,236
7,8000,pixel,811.7971545010805,236,-35.417670680072554,-0.8403361344537815,0.0,0.0,0.0,0.0
