,chart_width,labeler,runtime,placed,diff_runtime,diff_placed,center_runtime,pixel_runtime,center_placed,pixel_placed
0,1000,particle,362.6501159965992,251,-0.4864378692549347,-24.701195219123505,361.768082248047,360.8860484994948,220.0,189
1,1000,improvedParticle,360.8860484994948,189,-0.4864378692549347,-24.701195219123505,0.0,0.0,0.0,0.0
2,2000,particle,420.7687874995172,245,2.0747445535598734,-8.979591836734693,425.1337262503803,429.49866500124335,234.0,223
3,2000,improvedParticle,429.49866500124335,223,2.0747445535598734,-8.979591836734693,0.0,0.0,0.0,0.0
4,4000,particle,713.9198684990406,248,-14.787082508476637,-6.854838709677419,661.1359084993601,608.3519484996796,239.5,231
5,4000,improvedParticle,608.3519484996796,231,-14.787082508476637,-6.854838709677419,0.0,0.0,0.0,0.0
6,8000,particle,1637.8018645010889,249,-23.251047165926646,-4.417670682730924,1447.3988225013018,1256.9957805015147,243.5,238
7,8000,improvedParticle,1256.9957805015147,238,-23.251047165926646,-4.417670682730924,0.0,0.0,0.0,0.0
