,chart_width,labeler,runtime,placed,diff_runtime,diff_placed,center_runtime,pixel_runtime,center_placed,pixel_placed
0,1000,particle,362.6501159965992,251,-23.589158178664245,-27.09163346613546,319.8770612478256,277.10400649905205,217.0,183
1,1000,pixel,277.10400649905205,183,-23.589158178664245,-27.09163346613546,0.0,0.0,0.0,0.0
2,2000,particle,420.7687874995172,245,-22.069731823478527,-11.020408163265307,374.33751600049436,327.9062445014715,231.5,218
3,2000,pixel,327.9062445014715,218,-22.069731823478527,-11.020408163265307,0.0,0.0,0.0,0.0
4,4000,particle,713.9198684990406,248,-41.07600480646627,-8.064516129032258,567.2949887495488,420.670109000057,238.0,228
5,4000,pixel,420.670109000057,228,-41.07600480646627,-8.064516129032258,0.0,0.0,0.0,0.0
6,8000,particle,1637.8018645010889,249,-50.43373853110296,-5.220883534136546,1224.7995095010847,811.7971545010805,242.5,236
7,8000,pixel,811.7971545010805,236,-50.43373853110296,-5.220883534136546,0.0,0.0,0.0,0.0
